source_id,rows_left_out,reason
alassi2022_c2c4,1,"a derived quantity, or a quantity that is not a solubility, a water content or a phase-boundary point"
alassi2023_c2c4,1,"a derived quantity, or a quantity that is not a solubility, a water content or a phase-boundary point"
aleksandrovayaroshchuk1978_h2s,3,"the liquid is not pure water or a solution of dissolved salts (for example an acid, a base, an organic solvent mixture or a surfactant solution)"
amirijafari1972_c2c4,27,"a value for all the dissolved hydrocarbons together, not for one named gas"
anthonymcketta1967_c2c4,4,"a derived quantity, or a quantity that is not a solubility, a water content or a phase-boundary point"
barone1979_ch4,18,"the liquid is not pure water or a solution of dissolved salts (for example an acid, a base, an organic solvent mixture or a surfactant solution)"
bennaim1973_c2c4,10,"the liquid is not pure water or a solution of dissolved salts (for example an acid, a base, an organic solvent mixture or a surfactant solution)"
bennaimbattino1985_ch4,38,"the liquid is not pure water or a solution of dissolved salts (for example an acid, a base, an organic solvent mixture or a surfactant solution)"
blanco1999_c2c4,1,"a derived quantity, or a quantity that is not a solubility, a water content or a phase-boundary point"
blancosmith1978_ch4,34,"the liquid is not pure water or a solution of dissolved salts (for example an acid, a base, an organic solvent mixture or a surfactant solution)"
blountpricewengertarullo1980_ch4,1,"a summary over a range of conditions, not a single measurement"
bohr1910_n2,8,"the liquid is not pure water or a solution of dissolved salts (for example an acid, a base, an organic solvent mixture or a surfactant solution)"
boldenhoskinsking1983_ch4,10,"the liquid is not pure water or a solution of dissolved salts (for example an acid, a base, an organic solvent mixture or a surfactant solution)"
bruhngerlachpawlek1965_h2,55,"the liquid is not pure water or a solution of dissolved salts (for example an acid, a base, an organic solvent mixture or a surfactant solution)"
christoff1906_ch4,4,"the liquid is not pure water or a solution of dissolved salts (for example an acid, a base, an organic solvent mixture or a surfactant solution)"
christoff1906_h2,4,"the liquid is not pure water or a solution of dissolved salts (for example an acid, a base, an organic solvent mixture or a surfactant solution)"
christoff1906_n2,3,"the liquid is not pure water or a solution of dissolved salts (for example an acid, a base, an organic solvent mixture or a surfactant solution)"
clarkeglew1971table3_h2s,11,"a derived quantity, or a quantity that is not a solubility, a water content or a phase-boundary point"
claussenpolglase1952_c2c4,1,"a derived quantity, or a quantity that is not a solubility, a water content or a phase-boundary point"
cosgrovewalkley1981_c2c4,1,"a derived quantity, or a quantity that is not a solubility, a water content or a phase-boundary point"
cosgrovewalkley1981_c2c4,6,"the liquid is not pure water or a solution of dissolved salts (for example an acid, a base, an organic solvent mixture or a surfactant solution)"
cui2026_ch4,1,the source gives no value for these points in any form
culbersonmcketta1951_c2c4,1,"a derived quantity, or a quantity that is not a solubility, a water content or a phase-boundary point"
findlayshen1912_h2,32,"the liquid is not pure water or a solution of dissolved salts (for example an acid, a base, an organic solvent mixture or a surfactant solution)"
folas2007_ch4,33,"the liquid is not pure water or a solution of dissolved salts (for example an acid, a base, an organic solvent mixture or a surfactant solution)"
gamsjaeger1967_h2s,32,"the liquid is not pure water or a solution of dissolved salts (for example an acid, a base, an organic solvent mixture or a surfactant solution)"
gamsjaeger1969_h2s,31,"the liquid is not pure water or a solution of dissolved salts (for example an acid, a base, an organic solvent mixture or a surfactant solution)"
gamsjagerschindler1969_h2s,20,"the liquid is not pure water or a solution of dissolved salts (for example an acid, a base, an organic solvent mixture or a surfactant solution)"
geffcken1904_h2,45,"the liquid is not pure water or a solution of dissolved salts (for example an acid, a base, an organic solvent mixture or a surfactant solution)"
huang1985_h2s,3,the source gives neither a temperature or pressure nor a value for these points
kapustinskyanvaer1941_h2s,16,"the liquid is not pure water or a solution of dissolved salts (for example an acid, a base, an organic solvent mixture or a surfactant solution)"
kastanidis2017_ch4,2,the source gives no value for these points in any form
kendallandrews1921_h2s,10,"the liquid is not pure water or a solution of dissolved salts (for example an acid, a base, an organic solvent mixture or a surfactant solution)"
knasterapelbaum1964_h2,15,"the liquid is not pure water or a solution of dissolved salts (for example an acid, a base, an organic solvent mixture or a surfactant solution)"
kobekenton1938_ch4,1,"the liquid is not pure water or a solution of dissolved salts (for example an acid, a base, an organic solvent mixture or a surfactant solution)"
kobekenton1938_h2,2,"the liquid is not pure water or a solution of dissolved salts (for example an acid, a base, an organic solvent mixture or a surfactant solution)"
kobekenton1938_n2,3,"the liquid is not pure water or a solution of dissolved salts (for example an acid, a base, an organic solvent mixture or a surfactant solution)"
koschel2013_h2s,41,"a derived quantity, or a quantity that is not a solubility, a water content or a phase-boundary point"
kozintseva1964_h2s,12,the source gives no value for these points in any form
levinastsibarovskaya1939_n2,40,"the liquid is not pure water or a solution of dissolved salts (for example an acid, a base, an organic solvent mixture or a surfactant solution)"
longodelivoriapapadopoulos1970_h2,1,"the liquid is not pure water or a solution of dissolved salts (for example an acid, a base, an organic solvent mixture or a surfactant solution)"
longoetal1970_h2,1,"the liquid is not pure water or a solution of dissolved salts (for example an acid, a base, an organic solvent mixture or a surfactant solution)"
mathesonking1978_ch4,3,"the liquid is not pure water or a solution of dissolved salts (for example an acid, a base, an organic solvent mixture or a surfactant solution)"
mishnina1961_c2c4,49,"points read off a figure in a later paper, used only as a cross-check; not printed data"
mohebbi2012_ch4,1,the source gives neither a temperature or pressure nor a value for these points
morrisonbillett1952_c2c4,4,"a derived quantity, or a quantity that is not a solubility, a water content or a phase-boundary point"
morrisonjohnstone1955_c2c4,1,"a salt-effect coefficient (a relation between solubilities), not a solubility"
muccitelliwen1980_ch4,55,"the liquid is not pure water or a solution of dissolved salts (for example an acid, a base, an organic solvent mixture or a surfactant solution)"
muromachi2017_n2,9,"the liquid is not pure water or a solution of dissolved salts (for example an acid, a base, an organic solvent mixture or a surfactant solution)"
pollitzer1909_h2s,12,"the liquid is not pure water or a solution of dissolved salts (for example an acid, a base, an organic solvent mixture or a surfactant solution)"
powerstegall1970_h2,1,"the liquid is not pure water or a solution of dissolved salts (for example an acid, a base, an organic solvent mixture or a surfactant solution)"
prapaitrakulking1985_ch4,11,"the liquid is not pure water or a solution of dissolved salts (for example an acid, a base, an organic solvent mixture or a surfactant solution)"
reamer1952_c2c4,81,"a derived quantity, or a quantity that is not a solubility, a water content or a phase-boundary point"
reamer1952_c2c4,2,the source gives no value for these points in any form
rettich1981_c2c4,1,"a derived quantity, or a quantity that is not a solubility, a water content or a phase-boundary point"
rettich2024_c2c4,9,"a derived quantity, or a quantity that is not a solubility, a water content or a phase-boundary point"
rice1976_c2c4,1,"a derived quantity, or a quantity that is not a solubility, a water content or a phase-boundary point"
rudakovlutsyk1979_c2c4,25,"the liquid is not pure water or a solution of dissolved salts (for example an acid, a base, an organic solvent mixture or a surfactant solution)"
rudakovlutsyk1979_ch4,7,"the liquid is not pure water or a solution of dissolved salts (for example an acid, a base, an organic solvent mixture or a surfactant solution)"
ruetschiamlie1966_h2,19,"the liquid is not pure water or a solution of dissolved salts (for example an acid, a base, an organic solvent mixture or a surfactant solution)"
schroder1969_ch4,1,the source gives neither a temperature or pressure nor a value for these points
selleck1952_h2s,17,"a derived quantity, or a quantity that is not a solubility, a water content or a phase-boundary point"
serpa2017_co2,29,"the liquid is not pure water or a solution of dissolved salts (for example an acid, a base, an organic solvent mixture or a surfactant solution)"
shapka1974_n2,33,"the liquid is not pure water or a solution of dissolved salts (for example an acid, a base, an organic solvent mixture or a surfactant solution)"
shkolnikova1959_h2,15,"the liquid is not pure water or a solution of dissolved salts (for example an acid, a base, an organic solvent mixture or a surfactant solution)"
shkolnikova1959_n2,15,"the liquid is not pure water or a solution of dissolved salts (for example an acid, a base, an organic solvent mixture or a surfactant solution)"
shoorgubbins1969_ch4,6,"the liquid is not pure water or a solution of dissolved salts (for example an acid, a base, an organic solvent mixture or a surfactant solution)"
shoorwalkergubbins1969_ch4,24,"the liquid is not pure water or a solution of dissolved salts (for example an acid, a base, an organic solvent mixture or a surfactant solution)"
shoorwalkergubbins1969_h2,32,"the liquid is not pure water or a solution of dissolved salts (for example an acid, a base, an organic solvent mixture or a surfactant solution)"
song2004_c2c4,8,the source gives no value for these points in any form
songkobayashi1994_c2c4,1,"a derived quantity, or a quantity that is not a solubility, a water content or a phase-boundary point"
stephanhatfieldpeoplespray1956_h2,129,"the liquid is not pure water or a solution of dissolved salts (for example an acid, a base, an organic solvent mixture or a surfactant solution)"
tiepelgubbins1972_c2c4,27,"a derived quantity, or a quantity that is not a solubility, a water content or a phase-boundary point"
vanhinsberg1993_n2,1,cannot be identified on the printed figure
vanhinsberg1993_n2,15,re-plotted from Japas 1985
wang2003_ch4,328,"the liquid is not pure water or a solution of dissolved salts (for example an acid, a base, an organic solvent mixture or a surfactant solution)"
wehemcketta1961nc4h10water_c2c4,1,the source gives no value for these points in any form
wenhung1970_ch4,13,"the liquid is not pure water or a solution of dissolved salts (for example an acid, a base, an organic solvent mixture or a surfactant solution)"
wetlaufer1964_c2c4,24,"the liquid is not pure water or a solution of dissolved salts (for example an acid, a base, an organic solvent mixture or a surfactant solution)"
wise2016_ch4,76,"the liquid is not pure water or a solution of dissolved salts (for example an acid, a base, an organic solvent mixture or a surfactant solution)"
yano1974_c2c4,3,"the liquid is not pure water or a solution of dissolved salts (for example an acid, a base, an organic solvent mixture or a surfactant solution)"
yokoyama1988_ch4,24,"the liquid is not pure water or a solution of dissolved salts (for example an acid, a base, an organic solvent mixture or a surfactant solution)"
zezin2011_h2s,44,"a derived quantity, or a quantity that is not a solubility, a water content or a phase-boundary point"
zvawanda2024_ch4,70,"the liquid is not pure water or a solution of dissolved salts (for example an acid, a base, an organic solvent mixture or a surfactant solution)"
